,B,Basophil,CD4,CD8,Eosinophil,Kupffer,Monocyte,NK,Neutrophil
1700025G04RIK,5.6534713588085355,10.104665138133406,187.41232771008322,396.8350618202918,127.87683825147568,78.10911752647752,378.82827164638513,1588.7628898286446,14.861184211695821
1810014B01RIK,127.39499925114106,744.0608470437325,80.59787843957547,127.48079042877555,40.23376827199773,143.36727710154503,50.147237785299424,87.28925233858527,0.0
4732419C18RIK,0.0,0.0,0.0,0.0,0.0,0.07317506535265261,4.0655441043679685,0.0,0.0
4732465J04RIK,0.0,0.0,2.355318409595593,0.2379767798954182,1.8885737972093248,3.2737258898947754,0.0,0.0,410.9056337255519
4833422C13RIK,0.0,0.0,12.329789394484116,0.0,3.0868945523276894,0.09931960720406852,0.0,1.9995358945658048,0.0
A130010J15RIK,93.88628649622463,62.65129203324032,309.2853053784172,47.183797963883464,43.79429691660761,48.68848816252222,63.03482992886386,54.68243916406847,40.08107931125163
ABCA2,261.9856862606651,342.8795838279268,272.45166931267613,1275.3857734102405,439.8278201663217,44.34367755189541,330.99858505597393,372.4420487097016,236.8479208695262
ABCA6,1.5592210182267232,0.0,0.0,0.041380533574882694,0.0,0.0,88.42722778580512,0.0,0.0
ABCC2,0.0,53.79155696275408,0.0,0.0,358.0478075979581,2.3532509290294383,21.00442815907002,0.0,8.55706563930019
ACKR2,493.72708488692626,0.0,0.0,3.474816130358615,0.0,1.794983090608667,0.0,0.0,0.0
ACKR3,46.87904856699338,0.0,0.0,0.7126371599514489,0.0,0.0,0.0,0.0,0.0
ACTA2,0.6837197541187858,23.26633489099449,3.208932072597844,1.6419972187710319,57.36190641830916,2.746059918117833,64.45375316189191,0.12104886481790977,1769.6758846622072
ADAMTS14,10.92117772518818,0.0,2.4552165291945927,33.33819520387845,0.0,0.0,0.0,1395.417728651482,0.0
ADAMTSL2,0.0980289837074464,0.0,0.3352060961901293,5.387980693160211,0.13702582759234527,0.1760333947025572,0.0,0.0,0.0
ADCY6,11.607476483846487,3.3370870094420884,225.44233275040742,65.53972289408867,5.215210665584209,4.6764712438213145,7.310640646346508,0.0,0.0
ADGRA2,0.0,0.5225043231177704,1.4280394740943207,0.4060701851723254,0.683645373552153,0.0,30.29660746174351,0.16400330825017817,0.0
ADTRP,1.5088398064844664,0.0,0.0,1.1555291535027576,0.0,4.227233704595636,0.0,0.0,233.8164648354805
AGXT,0.0,0.0,0.0,0.0,0.0,189.14966914812925,0.0,0.0,0.0
AHSG,0.0,0.0,0.0,0.0,0.0,795.9858647566973,0.0,0.0,0.0
AI463170,0.0,0.0,0.0,0.0,15.877373851581734,0.0,0.0,0.0,231.11741342704295
AIFM3,0.0,0.0,0.0,0.0,28.62454273545016,0.0,0.0,0.0,0.0
AKR1C6,0.0,0.0,0.0,0.0,0.0,288.6273714244057,0.0,0.0,0.0
ALAS2,2.6537410506062336,0.0,35.581492459804295,16.932159416547915,2.020077439794214,22.74381065443179,181.9982965260206,8.837578117576724,25.017011333308133
ALB,0.0,0.0,0.0,0.0,0.0,1291.9232082887597,0.0,0.0,0.0
ALDH1A3,2.4849876806116744,2.7458319439345553,0.0,23.40924081726471,6.595686977653355,2.810150716621708,5.556098139268025,5.187328549356436,0.0
ALDH1B1,54.74600226537576,63.51448732922616,58.50296322870405,53.63011468714651,13.08995655704237,110.38930440106546,816.4731777455087,27.596223454017068,0.0
ALDOB,0.0,0.0,0.0,0.0,0.0,775.0225636453388,0.0,0.0,0.0
ALPL,646.6697999046183,0.0,7.789326471991348,5.4510708263329555,0.0,0.5482530458494717,0.0,0.08291201682765692,1.9180468624728189
AMOT,6.440727586719901,2.1528324374158503,0.9443518021046848,0.23150068039967087,0.5163464436507199,0.0,42.567339284723055,1.2568690237107676,0.0
AMOTL2,0.0,1.174115038432618,0.0,0.0,0.4186633570685456,12.148570564032957,31.752249861760035,0.0,381.7939094328402
ANGPTL2,0.0,0.0,17.307298739156074,7.592714478622806,1.9246509749018315,2.64045510800935,90.182001711322,0.0,0.0
APOA1,0.0,0.0,0.0,2.0069978914097093,0.0,1453.7986344647022,0.0,0.0,0.0
APOC1,0.0,22.586314629570204,0.0,4.91945348991765,0.0,134503.02255688512,178.10172994067653,3.070599388953557,258.1341650908995
APOC3,0.0,0.0,0.0,0.0,0.0,598.3516135199143,0.0,0.0,0.0
ARHGEF16,0.0,9.147564128096983,0.0,0.4321354803367785,0.0,1.0139242847495655,0.0,0.0,0.0
ARHGEF37,0.0,0.6247245342218188,0.0,4.65736594050368,0.0,18.475985450972686,1099.7654677473063,0.0,0.0
ARL4D,6.288646560861482,0.0,30.836435963448587,409.2765794557458,1.8823199585833663,182.90725900568003,10.265480992655805,3177.0883373478014,61.30547881551398
ARSG,24.776156652305744,9.617733773573942,24.103958726364887,16.207138673495795,23.722950233688156,13.749138306509971,65.18545020437102,1.1149944737085336,786.9219000050755
AS3MT,213.73562980516908,245.0263996280812,61.53177826701233,272.22662586139495,42.564087402604216,451.0052113561368,231.3044550081265,2669.480584104202,11.565113207004288
ATP8B1,0.0,27.28114181815179,0.0,0.0,1.699663445321792,2.386261315987165,0.0,0.0,0.0
AW112010,1533.7552376226117,1277.0082479821892,2911.8498665806696,12409.256826537661,25.651037550156932,40454.12498247009,402.2771680681962,204851.5551619342,554.6940565676686
BCAR3,2444.320989466541,181.91939241810437,13.6691887212868,26.144478462094906,1.8930600606628887,13.397036519510593,0.7369108011376788,1.4578778923025855,37.35086349757396
BHMT,0.0,0.0,0.0,0.0,0.0,642.8611877034065,0.0,0.0,0.0
BMP4,0.0,43.3665392996739,0.0,0.0,0.0,0.47750957103090585,0.0,0.0,0.0
BOLA2,1435.6664410700766,1211.6129130902364,1289.9756056587953,9220.719464385838,1309.0067575954993,2921.846650364033,2932.2824767556754,612.7214330568421,431.56739383039456
BORCS7,143.9234432950135,116.47430467816206,76.51277564689629,87.38167888453896,94.21962951565494,135.0494048512488,115.58482690942625,459.27556017242495,140.10633330430284
BVHT,1.4002918723489652,0.0,0.0,0.0,0.0,530.9038673219975,0.0,0.0,0.0
C1GALT1C1,118.0024373949617,353.04225809235203,293.21268019938964,153.45240002482186,279.0245751541985,318.798212470797,3750.536379852441,385.13218842267355,634.4463765975088
C1QA,5.0850786309334275,30.635598665672255,1.5646468034178103,54.19517535372203,0.8588935506382849,92828.22050397172,17.427458532339067,4.100028474675441,365.47132322414654
C1QB,3.6199277591738426,38.14306733143698,8.247422330419917,46.11468764848044,10.617746987698448,185770.36717387076,26.029863930944234,19.183875916182696,657.7258793072698
C4A,22.403745863360044,0.0,49.27670845860999,61.04510356675837,2271.3734842463205,47.3367715486533,16.61813501747099,0.635169096885744,0.0
C5AR1,0.0,2196.9114713050653,0.0,13.733763343326448,71.32117515789213,975.7016690866182,84.10183243297533,2.1848443108718243,39852.58945865309
C6,0.0,0.0,0.0,1.420345131964786,0.0,6299.041160268199,0.0,0.0,12.587604271863363
C77080,2.650115413145851,0.8046134552513444,32.32714261034939,0.7578616524265946,5.115519531690929,0.2706550333049935,0.40699654941688257,3.523450687807305,0.0
CACHD1,0.0,0.0,0.0,0.02123873194999315,0.0,0.0,6.6841914823973285,0.0,0.0
CAMK2B,34.2687052434128,86.72877891623267,22.43016316526348,83.55037466773287,2.980888669081065,13.543329862979157,17.115964474558652,284.3328244499071,34.99268570884593
CAR2,226.727211412881,526.9039874955108,67.20703680410303,86.47869703358519,32.59769170681211,86.63747216217543,36.69974321613351,6186.74886854172,36.19383166638458
CAR3,2.4972227720662477,1.0074790000853304,0.0,0.0,0.0,827.6254088882752,1.3334884299856977,0.0,0.0
CAR5B,15.806388705905018,2.40925609061071,0.9001154394779447,15.973488422527229,12.225233183713666,3.5412759810300596,9.14785504158315,388.82106726110794,0.0
CARD10,1.202130106316662,0.0,1.676082463889904,5.3846486437841925,2.654966494253298,17.640779083678257,31.881407544576433,11.784935858236448,899.3396445359845
CAV2,1.531956270910737,26.53011766135687,0.0,0.0,10.02531560313196,38.65172566378773,202.82019025501677,9.862633160557085,0.0
CCDC80,0.0,8.91722120591101,0.0,0.0,13.475563146858425,16.65856778432884,4.270482115362608,0.0,423.12288932922934
CCL5,806.7645951314528,0.0,367.50425269640414,54493.582110578216,72.42423043951037,581.4884824539555,2.835548063970989,390403.20418914803,131.11327582150227
CCL9,5.271195650136168,69549.7355732648,0.6080986761330842,65.69689186219215,2271.3734842463205,166.28935236724175,8387.738359761888,81.30360528052306,525.1273847456953
CCN1,0.0,0.0,0.0,0.0,0.0,531.7549835903592,0.0,0.0,0.0
CCND2,3699.0093972997356,6729.983407629851,5264.865058868339,1161.0291512871167,119.23540278425045,377.6260604494737,76.72320380417743,31763.910182967466,1652.3509658146652
CD200,294.61470085473366,0.0,870.9657663337887,279.9712564594738,10.659068148461726,13.758361173111926,7.045807512755616,0.34896968955723096,32.864310597803964
CD207,0.0,0.0,0.0,0.0,0.0,5324.21584202821,0.0,0.0,0.0
CD22,14110.674485484455,0.0,16.474879191367634,332.5972191857006,6.246551254646782,445.78902908968473,11.686041805069419,60.403387480237946,73.54944063033234
CD24A,11845.51855517798,674.3816546466112,202.52618328335927,233.58107519612244,58414.161506246586,22.06031340419754,1385.9225853021478,4.639488862054631,9219.680355910028
CD300LG,0.0,0.0,0.0,2.7674372078686367,0.03833939204337544,44.37424021102329,1329.7990846441664,0.0,0.0
CD33,1.313161981365457,0.0,0.3848577118120702,5.192384389762441,1100.169000268798,374.53859573501603,278.27091968510587,0.0,12781.17837673448
CD4,0.0,0.0,5764.802849251717,23.590145454459368,0.09081141852110197,39.330154427298005,0.0,0.0,0.0
CD59B,10.641791488574174,6.352684881227517,0.0,10.296644045643625,53.76529517857535,3.542573757931886,0.0,5.3062032507430965,0.0
CD5L,12.193824298839663,0.0,0.7027030042836475,11.382252333925802,0.0,74456.11940679008,7.104214513834572,1.1570049871255863,106.11112375897663
CD79B,18793.425531364795,987.1324804091444,193.91619996870438,1324.276785847452,52.63157401775834,753.3990140143865,254.05755132303352,26.031835366035356,382.00819624753194
CDH1,0.0,5119.334729056132,0.7622453805877527,14.557561888908747,73.9881414574976,5.173163537235291,13.085563749600219,0.07667468351054207,0.0
CDK18,11.07116804970313,20.444788236539555,0.0,0.02136268619247894,597.2122242397791,116.77950707059728,5.912419470825821,23.686307538376063,0.0
CDKN1A,273.1741630035269,393.6233136218528,370.52476252346884,25.016370821773663,4075.9899730819147,836.8203034501851,474.33110739080723,83.20229284963116,124.54491959251763
CECR2,125.21113604803172,0.5110582123712502,3.8142778748822606,1.7280974333053023,0.8053394078910576,2.286117235262406,0.39318768686436933,0.0,12.256502251775332
CES2C,0.9927681373155777,0.0,1.856482400269492,11.689237757770872,0.0,0.07040912993789394,0.0,39.44569986285281,0.0
CES2G,0.0,9.223479718914348,0.0,1.6757976111489592,57.76161809241144,4.629922967037076,2.4087913039574973,0.0,0.0
CHST2,0.0,0.0,71.00242938927991,12.467021124499327,0.0,10.33647069937121,0.0,2.8301278843537525,0.0
CIART,69.41107496496062,30.681699810752292,429.3776282769697,131.91994245564018,22.619869667938747,40.322116814925565,26.711287674933445,15.143988981030102,3.5135731795659497
CISH,24.951702846613074,60.95724559669663,306.63734342871675,152.76653613450213,2287.4884677855885,16.80725542675644,14.96179638021712,64.74950397310005,37.14559344831232
CLEC4A1,1.6925216253770397,0.0,2.509532239722071,32.95853473835162,7.5851711338322385,440.26250372447214,2490.0322161088734,1.594410871147856,379.09261580748824
CLEC4F,0.0,0.0,0.0,2.257404568652972,0.0,148413.13785939594,0.0,0.0,0.0
CLMN,0.0,0.0,0.0,0.0,0.0,0.4806623088852471,7.348152487116337,0.0,0.0
COL5A1,0.0,13.798339834605237,0.0,0.2636963785460362,248.12334078953643,5.558059804300309,6.045663437305537,0.0,2.401037329531899
COL6A3,0.0,0.0,0.0,0.0,9.017205714695987,0.0,0.0,0.0,0.0
COQ8B,215.18466741681266,3457.4745307053795,225.8280928207374,375.9278106341809,500.06188721535676,333.2223283949079,323.72818806114265,214.8144388390859,572.7641598607858
CORO2B,34.419375211737695,224.39659610715867,13.269093645679108,1.7929646064754006,2.695082917205529,9.324703806134409,0.0,5.443687496752922,0.0
CPEB1,0.0,0.0,0.41896197372107924,0.0,173.88638355610487,0.16726235586281568,0.0,0.0,0.0
CSF2RB2,23.291397960854482,1199.1004092274263,0.0,7.084254673242386,8747.379327926925,115.05618678968717,351.844868207513,0.0,402.4327709841594
CSF3R,2.349975008793675,1.5020190332454662,0.0,130.6610779320339,30.681699810752292,492.30236793258405,2428.0011679360955,0.0,94257.97208755079
CSRP2,196.5525347718051,3.410089903482495,38.14306733143698,39.93812264158586,144.92833141231762,147.89496933602948,1145.0277226620874,14.105978028876699,139.52400816735062
CSRP3,0.0,5427.328398235573,0.0,3.319254131895134,21.842280893156957,13.549329509450642,0.0,0.0,0.0
CTCFLOS,0.0,0.0,0.0,0.0,380.25066174660265,0.0,0.0,0.0,0.0
CXCL13,0.3625014074144106,0.0,0.0,0.0,0.0,6352.421328359413,0.0,0.0,0.0
CXCL14,0.0,0.0,0.0,0.0,0.0,372.50982710109133,0.0,0.0,0.0
CXCL16,7.351396021296875,0.0,6.3351110916639986,8.614717407576954,15.56840748224122,5464.190748838936,9.726290155789126,4.280136386464663,0.0
CXXC5,257.1810063154524,143.81176928043115,56.1763785871101,277.4850875258249,17.110038733376726,55.97142428656267,30.53842547904962,1254.1719665495668,34.3193471090009
CYB561,4.1258332816244145,33.65460420174933,0.6894400188831589,2.5317621691352765,173.36633957752127,5.043275769967898,7.652892934168024,1.6181358840560445,0.0
CYP2D22,28.151232585030076,2.0912225731079563,278.77639688788923,60.896034004939935,5.569903948840814,26.055400164848283,4.187476003552367,29.26322228167105,20.843090648446832
CYP3A13,0.0,0.0,0.0,0.0,0.0,1.9786935826395573,0.0,0.0,111.78892800763488
DAB2,0.0,0.0,0.0,0.0,3.687496437648764,2459.6387764787983,8.78277658851791,0.23416388774191055,0.0
DACT2,0.0,0.0,0.0,3.11722848920241,0.0,0.0,0.0,0.0,0.0
DDC,0.6809257189811388,0.0,12.434393788846426,119.49095910463062,0.0,18.971311864151534,0.0,15.289842114001676,0.0
DDR1,0.6765049646957959,0.0,180.6589641901869,37.595374009893284,1.964532970229938,0.7191065618729882,18.591546469472384,0.0,0.0
DENND2A,1.1406035064342088,1.6039006753296072,1.6814003090841831,1.3486761823993203,414.1774233590018,38.73769901875269,79.56579973600303,1.627368900149483,11.269078208403162
DENND5B,331.72002350311436,2.836982124488518,2.6738580581012195,3.5281807809961228,2.521946093329675,12.819593705876287,9.138645724260881,0.5468159181970842,9.488329600489479
DERL3,3527.7646063955676,209.9420274781862,12.721431659979746,45.334496297743286,114.90973263556162,7.563472817372329,6.356945510150418,7.273086316107014,0.0
DGAT2,37.93030464462491,3.3732413464729936,67.82885802196544,11.973755102375787,129.43499648361257,30.92447640615482,88.06872852204987,6.51385042301385,2111.4434274802334
DHRS7,310.0510953175508,864.370760696945,365.1481386168905,735.1546298893612,453.474502445694,1221.188680423235,891.1728924128792,1167.6615823658549,17706.918698302703
DKK3,121.65758055437072,0.0,0.0,0.4022378067296295,0.0,0.716161646906462,0.0,0.0,0.0
DLG5,0.0,0.0,0.0,29.503936211107543,0.0,9.106026502478674,0.44149831230833536,0.0,0.0
DMPK,14.387183166752441,37.02553730217245,0.0,8.669100390198492,53.6352568932653,16679.16275356681,0.0,0.2328571482437951,66.07720479412428
DNASE2B,0.0,165.78025831779752,0.0,0.0,0.13249928986396764,0.0,0.0,0.0,0.0
DOCK2,1732.6465364362616,1769.169259912768,1489.6273533063659,1426.44864006281,1227.8485686552285,315.712747930765,1768.7801007287092,8207.589686899999,2000.6105989912471
DSP,0.0,0.0,0.03249433833204085,0.22672124815929018,26.330263288678015,0.0,1.9609177439015868,0.0,0.0
DUSP10,86.40877459597164,19.06378732336099,1057.3170630678171,301.9378089912577,12.039115407040079,186.2304067427288,47.710048752066314,122.12439081086366,0.0
DUSP14,118.66782305323855,0.0,4.406214375578617,13.398485239034304,0.5699544382136401,0.0,0.0,0.0,0.0
DYSF,0.0,0.09683525952452054,0.0,0.5281087719839783,0.0,337.34061316562753,0.0,0.0,0.0
E330011O21RIK,0.0,0.0,0.0,0.0,0.0,0.2028792431818809,0.0,0.0,121.94314699772583
EAR2,0.0,78.22622064430766,0.0,125.126091428839,275164.8534653098,2442.3436445259404,1660.5904167750869,0.08815484905454563,677.3839614054953
EEF1E1,303.0731436324483,227.32654533373966,1126.0947301864628,387.3180581475523,130.0327849610016,174.65313862382172,125.82619005475685,236.60860348418208,20.23546135304319
EFHD2,511.6074770971127,2668.506436831448,683.1653290286526,1606.2950879829866,1307.9687087703614,6102.143928587572,1914.351851117805,21522.015022557654,2858.9044183586766
EFR3A,753.489611533252,738.4403867066721,781.130079145659,653.7240214288171,362.41365180969694,786.0017081403445,659.0521834060452,3474.3745780615995,154.32354238478243
EHD2,95.04086800033507,0.0,1.0239673321431337,2.4504289524005918,0.6959817749505293,2.2661757214339504,3.7716811698087502,0.0,0.0
EHF,9.590124596204168,0.0,0.0,0.5713071147036162,0.0,0.0,0.0,0.0,0.0
EIF4EBP3,144.24276429700404,46.595068553569874,114.9809459080948,720.6198316450323,137.00062598222402,75.24557156652001,186.50753272685458,53.14532743751713,72.04143907784535
ELP1,355.39599068165967,138.1041627127605,602.5731593010853,450.5166095517271,170.31471008454696,75.3619763307367,280.54794063613986,224.64188328904623,6675.199975055378
EPAS1,5.467719296865996,0.0,98.52660547254455,9.585825906696545,6.254714691708694,14.091579441512796,4.828519488519446,3.582335314355084,5.2867734743656065
EPHA1,0.46390781334242814,13.930793714680023,0.5125211891603432,1.8291455968448735,20.04550271134549,4.30910079568044,4.544748945557614,9.079005463385501,321.5293166682899
ERCC6L2,4104.284857669744,236.042574492361,125.77097260341046,162.89082723454246,59.76785863188653,115.20685827362097,120.72386506507846,150.94989224251594,56.235752863075426
ERO1LB,3296.4019018513786,231.23348764134195,127.31548816655865,87.85159600116594,198.88454367460628,208.97932614663685,473.7244800672651,205.9347848307727,517.9264737615285
ESM1,0.0,0.0,0.0,10.099453935602494,1.9001062368374946,2.045101786593482,0.0,0.0,2.637264857269489
F10,1.9701618218521548,168.00265224703037,0.0,8.730037475130883,439.3824335543283,65.06860687782013,2098.3117137578765,0.7823995644452433,65.00149321354613
F9,29.37731363010523,0.0,0.0,0.0,0.0,3.3206235369770543,3.330115032875055,0.0,0.0
FABP1,0.0,0.0,0.0,0.0,0.0,4816.291500889346,0.0,0.0,0.0
FABP7,0.3881735196317213,0.0,0.0,0.0,0.0,10614.080987875834,25.34127076188411,0.0,0.0
FAM110C,0.0,554.9555664466449,0.0,0.0,1.23475797828171,0.0,0.34428314413554073,0.0,0.0
FAM160A1,13.272872009975472,0.0,7.624012834811676,1.8928110137267802,123.1546179516712,0.0,0.0,0.0,0.0
FAM174B,6.1584246942995655,2209.2676660364104,49.06019254646913,147.30678036806515,334.619888584931,38.99193366235849,8.879332136477997,73.64084975718883,23.5517884920328
FAM83F,4.2267020383699165,0.0,1.0134749771971956,0.8294268434756435,0.7723354054624156,0.04786878172195119,41.9381743535961,0.0,0.0
FCHSD2,2513.2594331428413,22.619869667938747,210.52502258172822,189.50175580206405,46.04585589272045,40.545800876576656,132.63166540160128,163.37077754479392,207.80848877124438
FCNA,0.0,0.0,0.0,19.162357117560273,0.0,86153.61818840832,20.014636984208416,0.6130666708309567,442.029974865071
FGA,0.0,0.0,0.0,0.0,0.0,275.7711907808947,0.0,0.0,0.0
FGFR1,0.39474088671930874,5.259709692778032,7.692553042890973,10.383173754011514,1254.5954826826874,123.4800514775249,1.2639967395206515,0.7779348887603426,0.0
FGG,0.0,0.0,0.0,0.0,0.0,273.67628091535465,0.0,0.0,0.0
FHL3,337.7126464454174,22.99468423276442,180.6589641901869,190.12726548692748,1504.9767621988328,4.103670410260343,60.38532658665545,0.5531267037543817,73.16697890878675
FKBP10,0.0,0.0,1.9241346416064404,13.646963449987258,2.3033076295528647,0.5606160723009808,0.0,73.47654609254887,0.0
FN1,2.0128393365981956,8.965584049458482,3.6868060346548557,22.871784715084086,2.5428081133104246,10.059187800620828,20174.12205475111,8.604064376611321,13.99174524997369
FOLR2,0.48908445257568456,0.0,0.0,0.0,0.0,33868.19860530015,0.0,0.0,0.0
FURIN,243.65486600271774,897.02824619742,471.1603678094171,330.0539053805243,4556.3637469538535,448.84952199995354,907.3206017392273,716.8197330336724,611.6470461617467
FYN,610.5576904357698,2346.4362820833435,3877.951806225975,3665.693354108826,125.05469668988,1472.7806423152815,324.60368198410293,13700.193287003432,33.388633532530044
G0S2,0.0,0.0,57.87831843128367,336.97615421448177,34.46217806782055,41.77296466554699,29.801153948611173,350.30510959263444,4988.3882225367715
GAL3ST1,0.0,0.0,0.0,1.1116745761313198,32.113773419835574,0.5866251840373287,6.403341171064701,0.0,0.0
GATA2,0.0,30829.67324894262,0.0,6.129975822202634,2381.808220899379,7.599160236911137,9.6705397274927,0.32247867702560806,0.0
GC,0.0,0.0,0.0,0.0,0.0,481.41454671556403,0.0,0.0,0.0
GCNT2,0.0,133.2277631440251,10.146172669555487,9.991364770804521,208.23825870219946,6.958780695239828,84.55783873215373,4.025535837441578,12008.19706376037
GEM,336.28182638941746,15.762329588063608,71.22797209193259,185.48176470743488,16.47044704759572,27.99570671963811,2.295435605118466,3225.821580330837,0.0
GJA1,0.16382816936704514,95.72863722655666,0.8095203444781653,0.0,3.5522555166911776,1.3955190037888126,4.781029627976689,1.7454191904821341,0.0
GLIS2,8.133196540514202,3.152547710218821,6.09470434255202,3.294169960501997,43.13507431526814,2.2379854633686067,6.949433955188875,2.430727877157288,0.0
GLT28D2,3.430337109692588,0.0,2.9675375535603536,0.5088759127010822,66.98099320284166,0.0,0.0,0.0,0.0
GM10734,8.244916630027472,158.91396941133888,0.742165705633,0.16338712038358483,16.01987918569382,13.942591803986174,6.5614098452692815,1.767742191928142,0.0
GM15542,124.98202978531877,275.6667922912693,44.18797965459347,1662.7363144873984,47.778314697225284,154.29492959122624,293.79695715033665,461.39856795850505,311.2270028437482
GM17018,304.0301328104578,946.5801082480031,1123.9606005258972,3957.779972858204,719.4031737780956,602.0771423340068,612.4267311797882,602.6422557267783,496.3937564984663
GM17634,0.0,0.0,0.0,0.0,0.0,0.0,0.0,242.53774704374993,0.0
GM19696,0.0,0.0,2.939382926077296,6.351319451139603,39.14387654438894,3.529931852960326,0.0,2.5545544407607905,2670.4483664041286
GM2814,7.506212004922876,0.0,0.0,0.0,0.0,0.0,0.0,0.0,0.0
GM29408,48.16889760268365,35250.023827568366,86.82429470365693,136.3720022331599,231.41296500955374,16.743800617021876,13.134426950161602,557.0387161056688,410.7909655156701
GM30025,22.703739634699673,0.0,32.49607829316635,109.88081950202032,14.930188761324153,2.4250801383203417,17.148972448457272,12.821998726426298,4.394595819648969
GM44096,0.0,0.0,0.0,0.0,405.3112609007677,0.0,0.0,2.395478608520935,0.0
GM44805,0.0,0.0,0.0,0.0,0.0,25.827101322910533,162.60105954664834,0.0,0.0
GM47283,5234.598391664324,817.6419934358507,27630.355944060095,9542.144378367842,2082.537642433745,5304.332857187235,358.6012935845303,3768.4117182544455,34.57108641434033
GM4737,0.0,11.70196808707876,0.0,617.7863799833777,0.0,0.0,104.77191121298337,0.0,0.0
GM5424,0.0,0.0,0.0,0.0,0.0,0.0,20.244513403165687,0.0,0.0
GM7926,13.92736061566727,4.114761290013181,6.8059209682665465,0.0,0.0,0.0,174.56633179175014,6.106300164767566,5.718728259537249
GM9320,22.269772124548936,39.54539149941018,79.80990847780652,233.30785950441717,62.38069888575631,11.85692902251992,1240.6907214314517,35.00253079118045,35.52880882805674
GNA14,0.869443422705527,590.2558411467483,0.0,0.4103340729492295,3.318649172299808,6.385504517342063,2.710314363878812,0.0,0.0
GNB4,62.773153861059065,1191.0522260527046,98.98610763652272,24.409646008626538,17.026845088980895,77.01080848538422,30.852940820498986,193.90913436691167,1.4690790169138088
GPAT3,51.406711621082685,0.0,6.87886098208039,5.239670761308612,3.0205032712140847,17.560058921277136,11.343787918452906,1.8169240587081257,808.6852616601525
GPC4,0.0,394.59405278190474,0.0,0.0,15.513235499281226,0.9085583980452621,0.0,0.0,0.0
GPIHBP1,0.0,0.0,0.0,0.0,0.0,397.2239606261145,0.0,0.0,0.0
GPRC5B,1.3128601945263791,0.8662154936151742,139.2368877788506,44.54254007723043,0.0,0.0,1.3377169307135643,0.0,0.0
GPRIN3,0.05269508706681125,0.0,11.20763535618058,15.321997451545382,0.0,0.0,22.462986492498153,191.17017089114893,0.0
GPX8,0.0,0.0,0.0,5.267797404162865,0.0,0.3290970230958592,0.0,311.83357848163627,0.0
GRB10,1.7472380846935263,6.290390042887119,0.15338212513928573,0.0,76.5478585008725,5.930397296152477,0.9765178725767811,0.0,0.0
GRHL1,15.947049452886883,0.0,65.66826504213597,4.58333059319275,12.141773853442285,13.936959883315028,6.73228147619224,1.5260000957355904,8.436901258935901
GSDME,0.40457663966639545,72.32244200078262,45.99218954735775,4.022502419960239,241.01263676069505,24.709634535928764,86.86387755716842,42.169434303197825,2560.871460609142
GYG,539.0244384525196,874.1027372252465,288.5165088843429,451.0127594058939,7197.284543275518,227.32232383770406,1489.427770320462,667.5641302957976,1104.3312661478365
H2-Q10,508.0049048787847,183.75561359341776,598.8313941453773,1016.2702802296739,39.95773186819071,279.8487423679604,58.94424223463107,464.01253052344515,37879.93914695217
H2-Q5,6465.677878140327,207.04183705827748,5704.022513229173,19311.9181317345,331.2558507865133,914.7686326339812,668.9797059331469,4175.603685562636,589.3871843527373
HBA-A1,16.063991945251548,167.01111301445684,470.8459580886031,1609.7165657093603,6.325515262438967,1405.531885862533,8029.998980003111,31.86894533851121,1147.3021483998857
HBB-BS,130.4029915423352,323.40818359471695,259.46529003173373,1582.6849616836616,13.848793879551717,2064.1415530806617,17225.636826580485,55.93404929539066,1207.2900067885846
HELZ2,3673.985317676513,98.00630161565276,502.4640844865929,478.1971791338211,173.77242817782133,299.6045347790836,237.97627934138316,148.70143267565777,282.7796374321538
HGF,0.0,3735.8528840675494,0.4132419901318616,0.7876442569761899,419.35927483183815,119.4623111288516,56.80979181769789,0.6680532298176114,375.50297990855546
HMGCS2,0.0,0.0,0.0,0.0,0.0,269.28750094317644,0.0,0.0,0.0
HMGN3,2262.4556491445437,100.3653136589224,33.451440585265466,16.282902021827134,17.686077465948884,9.864237732830384,170.3439974332435,12.592089711029947,0.0
HNF1B,208.54852701753518,0.0,0.0,0.23198338146459796,0.0,0.0,0.0,0.0,0.0
HOMER2,0.0,288.61366197133,0.0,0.0,8.138894163223222,9.038784014493006,0.0,0.0,0.0
HPD,0.0,0.0,0.0,0.0,0.0,553.2502783792013,0.0,0.0,0.0
HPSE,247.992137867643,23.51992503828653,3.51572274897688,17.491258389715924,5.302624207094923,8.959824358950561,2003.4761192485398,30.588726051867255,24.47458682098613
HSD11B1,37.643757883118916,19.600506453212986,1189.99630832469,1770.0504743988722,27.080181914376492,66.48142903118081,329.08946291376145,8097.068731779576,1091.2742793176953
HUNK,0.0,0.0,0.0,0.0,0.0,0.16109819512651313,0.0,0.0,37.72413086672983
ID2,96.30761937878079,2209.2676660364104,1404.9737155351245,2998.7809924965586,6842.778518419541,14544.849106541538,921.2565787734719,82502.8991620992,1074.5635337011977
IDO2,13.5993805339899,0.0,0.0,0.0,0.0,1.112815808803865,0.0,0.0,0.0
IFI27L2B,0.0,8.746379488609128,0.0,0.0,0.0,0.0,0.0,0.0,0.0
IFNGR1,505.8770991179016,774.5014869548577,4600.213763928331,3300.2453370119365,1266.7152203801354,8054.7553957411155,4230.939108204733,33190.71563869738,4822.492866940934
IGHA,86.82429470365693,0.0,9.174948367407863,5100.6299654307295,6.323195948396025,12.784542168370388,1.9914614216922475,1.2341656275639772,12.654979797313478
IGHM,674721.1666635275,358.4989987725619,10671.686813618193,17149.337932851806,2527.6549573825678,123.40761359667793,8001.934646401031,4069.1567093329927,6897.115878417085
IGKC,947501.2853750815,20.940637152813043,1495.5390387397222,31733.941215294883,26.827252363932573,411.94414245022904,27.411956384584695,170.69312852245585,1794.6158172985945
IGSF5,0.0,0.0,0.0,0.6608354010378956,0.0,3.384077681470905,0.0,58.243443016675926,0.0
IL17RB,1.245396361592697,246.9580587717295,14.829461423537758,2.9385513344626717,9.791165118652112,4.9395164076831835,11.304294060342329,3.8615879687089816,0.0
IL1B,6.190958364938772,0.0,0.0,255.98079371077478,60.4914845851724,6363.283069526721,25.54888766378561,3.606060248663078,119418.48758045779
IL1F9,4.1032481554086955,8.817085047197182,0.0,19.11698505945339,51.980829946722444,0.7191684913510787,32.32851997513082,2.098243587912235,14894.90888840273
IL2RB,70.8415457625681,0.0,604.6931329389764,3813.001747626669,0.3591654190901419,24.08785468405532,0.0,45901.54900428894,2.2028509813138806
IL4I1,9160.166728623386,12.20971298132285,117.20226788315054,72.1869269741978,48.82800250090801,169.51178594125886,1.291740779222767,25.42925387536885,99.49295452196418
INHBA,0.0,11.751075933144326,0.48908445257568456,0.07663712052704441,5.019209676393716,3.974883048590498,5.0007303161246925,0.0,261.2957156833423
IRF6,2.284148229603741,0.0,178.59107853151758,27.752736387719896,6.5312307825453075,3.8631598700216294,0.3974824093185849,1.7659013866414432,0.0
ITGA4,1029.7292900029056,126.33235806029685,675.0069699601686,709.1523666265658,336.9320981207409,213.1213096239934,1166.2483997046686,8933.438315522746,1709.8225325436297
ITGA9,0.969886089837074,0.0,4.415356746649203,1.9653481144742075,0.2558063485858417,3229.584594394815,1.0344197703878528,0.16472625810023578,1.4674271910163963
ITGB1,1518.2826609147075,1788.1533752183375,404.1342591089405,1210.1797756961666,1315.3650491980081,3864.2351686670136,1509.127971107565,21976.588934693602,806.8639669105766
ITM2A,61.5809989884898,51.94014567713379,6743.917867678407,440.0414212905585,2.483357332846818,2.099642374284677,13.015805174850211,863.9704491641295,0.0
JAK1,2899.1452526563285,7505.643197368134,5419.196447344686,3141.527160569281,1342.8404095763306,2859.9470087786794,1191.995650021289,37636.10870168805,4798.969650576715
JAM3,0.0,0.0,1.4133617287284568,0.0,1.3141517582118456,3.442769918101387,0.0,2.4116527001349066,162.397625786982
KCNJ8,0.0,0.0,0.9639750744230786,112.22853436569773,5.817839302720291,4.893400081897231,0.0,372.3308274639092,64.8405865731515
KDELR3,11.47473187632474,0.0,0.0,0.2522856904607933,331.84413817380636,5.318393598162014,1.4665913297246127,0.018692868879779168,0.0
KIT,4.292125788774304,85.17707417663627,14.689197341824881,8.65045820521309,36.71941227273816,6.41063340551768,32.80361486231801,440.54129524347496,31.458172550563255
KLF4,4.799422047561307,0.0,43.224537110883126,129.33815560088402,2.372666122251387,241.92510685592862,3074.2069149220874,6.42872370158704,21.86230416751653
KLHL3,0.0,0.7023294285342006,78.70865999474648,21.9503193006734,0.05689922684640414,0.0,5.005403663323924,0.15481392939652228,0.0
KMO,748.3767245771636,0.0,4.880740674264855,22.463885405300932,6.741890246562004,39.183803755529475,120.7692593893393,9.995030385225496,26.510656797636088
KNG1,0.0,0.0,0.0,0.0,0.0,238.17436654830007,0.0,0.0,0.0
KYNU,744.0608470437325,0.0,4.341948533322077,5.7276669869206085,4.732741665280095,12.309317485203827,58.071608313701454,0.0,0.0
LAD1,5.610349735849014,0.0,290.4896288799402,13.066047144552947,5.912189492695047,8.276310369496263,0.0,0.026559009458285265,0.0
LAMB1,0.0,351.34569861416657,0.0,0.0,0.0,0.013495543043519298,0.0,4.099414313448837,0.0
LAMC1,259.1086125169353,40.01793453641459,12.007661527698119,21.079027855154198,37.356623445506244,4.464085535703717,16.071067145446662,21.740618288124274,0.0
LAYN,0.13731341093478555,2.390863887767969,0.0,0.0,14.209041286878428,18.176687318999935,91.91384035854266,0.645032611402296,0.0
LCN2,21.274874759776498,2121.3316046130576,0.0,641.524005181379,1312.9132632209394,0.1414380976419889,1447.6152564146266,0.6628850651248945,67446.27575197685
LDLRAD3,11.394654573330442,0.0,2.459209538138713,3.770786465979354,1.517379474621487,28.20627049794484,721.9034324361788,1.6483633221879948,18.422216937259865
LGALSL,25.207322162714927,645.0579777793881,13.506548069009268,35.54079304927828,28.202965341544548,25.596133706553722,25.24733145428435,97.79413129105663,1.610139540419751
LIPC,249.4192048260235,0.0,0.0,3.7069833909891035,0.46920218380780243,12.706321680677505,0.0,0.0,0.0
LIPG,29.557232623966847,0.0,0.3756329955433566,0.0,5177.578275635436,0.0,0.0,0.0,9.796449308303984
LMNA,6.437448701789244,309.0447070949619,69.2032938596086,54.104326721559254,2131.425259241454,352.7148900479116,39.78219341061869,390.5990964415137,175.1880757935105
LMO7,96.04779182594277,0.0,0.0,0.5094623007269157,0.0,1.196489142435908,0.0,0.9192310745390984,0.0
LONRF3,0.02793353331060655,23.049881523411557,0.7166106510583927,0.21618551644090922,2.656701287045247,3.5474062287514663,158.89722825638034,1.4893470062752665,10.717540503927365
LPCAT3,684.3520975379821,940.1850291807358,871.6555786702107,563.9986765024062,4581.121112266951,717.5384938781449,511.7962648380352,608.6488517637638,887.8324335615973
LRG1,0.0,0.0,0.0,31.554002571674786,38.73466317009967,100.79587633572028,50.67573776529692,0.5603990468200568,69426.86974832494
LRP4,0.8146655440850978,1.101629246960985,0.6889840082893424,0.3289822288226858,206.0689958631357,7.6826644977608325,21.004303014518857,0.0,24.505187987312198
LY6D,13766.279866725103,0.0,227.23077271459644,1204.5535240243798,67.1049296269797,75.26015197675102,11.032457708631911,1.1695979136281012,456.2723105465299
LYNX1,476.6328494260855,0.0,26.6652821085276,20.958643358383714,4.913202980163548,0.5937374198756777,34.47138302548126,0.6244882016914655,0.0
MAMDC2,2.6707878809486965,0.0,0.0,0.0,0.0,0.0,0.0,29.572270995471722,0.0
MAPK12,13.290903453951305,246.9580587717295,38.8577770757075,32.064996775301466,1.13638333194034,31.44203837839394,0.709542096294467,2.988478091650876,11.53467799472711
MAT1A,0.0,0.0,0.0,0.0,0.0,299.9266241820035,0.0,0.0,0.0
MATN2,0.32949218438787,0.7072956996961539,5.421861938357144,0.8376235128185119,1.6179951310988518,0.17772668628109511,58.81963362300448,0.6192068615202226,6.392267814681785
MDFI,0.23954194345206736,0.0,0.0,5.330179719767171,0.0,0.4537245392118272,0.0,0.0,0.0
MET,0.05984154619246085,6.789448739949179,0.0,0.20047755157595892,19.204800901779628,3.7766598923732593,627.7988452905738,0.0,0.0
MFSD7A,0.0,18.955185078678387,0.0,3.9707623223737523,14.358319335467153,39.763464553849836,844.4191846815323,0.0,9.007719683846245
MGAM,0.0,2.3207425983247743,0.4282983281916608,0.7528459477548892,2.900721155664476,0.0,11.50493883437087,0.0,504.1206036506155
MGP,0.0,0.0,0.0,0.0,0.0,0.14889262717859997,0.0,0.0,35.8879702632664
MICALL2,2.6690557161366417,25.195284635225622,0.0,0.2727812502608975,610.257054639596,59.968194400869244,72.38418505939111,0.0,34.818122591371775
MIR17HG,110.53428508577322,0.0,400.92445174132257,48.917338625035725,44.32487512489166,4.531443763528222,27.550648898113767,13.254551113687638,68.69337814899951
MIR6236,918.9230955863655,123337.48510676691,5558.387331212685,947501.2853750815,32367.887399886393,4709.210012263396,101019.93146199407,14858.953474579002,1254.5799363541528
MIRT2,0.0,51.998056286227644,0.0,6.701219322329317,485.09573477390416,0.0,24.49663339307417,0.0,5395.118165169143
MMP15,3.3458462365338253,0.0,40.72776677710733,12.042287443470839,0.0,0.0,0.39097753363720544,0.0,0.0
MMP9,2.2912808513876195,7.619270743754305,4.160502819894419,79.40841347971072,93.22988053901696,236.996797427679,92.88574059016595,0.0,75340.13761795306
MPC2,663.8067872523155,12079.921840929326,659.7019839183893,1106.9001103411458,491.6496632969777,1878.977086343438,1194.184995168406,1077.620367762653,2140.6045063411734
MPEG1,688.7131940634134,0.0,2.544071044407569,81.93730002185526,221.3901059257378,954.1458334852524,17630.14227939436,1.3150194590054611,1298.3309018706266
MPZL2,2.6926077014108465,0.0,1.8512991330936392,0.0,0.0,0.0,0.0,0.0,59.60506070121716
MSRB3,152.97738504637223,0.5134985224780584,1.4706644951960488,0.3104710210695374,0.531923124695777,10.269962581159682,0.0,0.0,8.831987747639765
MST1,1.9094481930957525,2.081946373611941,6.23580857304767,47.49562300999662,3.21078872862899,6.738319089158754,2.6192928804020124,2.718664749001193,0.0
MTMR1,436.53879821545553,410.80280533268734,212.48404463904978,202.01840080191965,361.85067726221644,191.66740361802792,374.2044982246628,1530.7733738450443,196.94335423949676
MUP14,0.0,0.0,0.0,0.0,0.0,572.8952758283983,0.0,0.0,0.0
MUP3,0.0,0.0,0.0,0.0,0.0,360.92353053263565,0.0,0.0,0.0
MYLK,2.316516755248481,0.0,0.1351699793418537,0.0,456.4670129018183,7.263320590424158,0.9392784688758291,0.1288527322581814,41.91254321348463
NAAA,196.6940305079559,91.89914586173812,67.07322677109943,128.5466529925522,744.0608470437325,557.6458364653505,5884.237164237215,125.58407388160813,1040.7367907862563
NCALD,0.0,0.8115179123966294,0.7622453805877527,65.05413148459694,0.0,8.807939772985492,0.6619188173546695,628.2943287188175,0.0
NID1,223.2104158727508,0.0,0.7653660275701666,0.9573086119695546,0.0,6.902245386554769,0.0,0.0,0.3417186843820934
NLRP12,0.0,0.0,0.0,1.8409881448397796,324.1346724643741,0.0,3.089622925726003,0.0,3399.849411264233
NQO1,7.202046218672843,151.64713318747442,1.4364868111892903,3.5440316233443454,1555.9797138401455,6.978022881024173,16.782559455286275,4.63803004444528,101.36728751699401
NRARP,24.535932540962605,224.77212649937476,22.286591630287838,119.29743794931059,214.61534518107726,23.913658949325242,4.102223025871475,1686.6230869223834,26.358939977536213
NRBP2,1.423413321067164,0.0,1.8430717552569034,6.756749110041515,188.93935772220988,3.6056227249879624,17.3536907959082,0.10631495107384348,0.02756959045175922
NRD1,2218.7968792964716,731.6195422637876,1599.2385115214377,12826.961408664543,2716.0556667352344,748.3920385866376,2534.8978621096016,931.75922724329,1918.5406365434274
NRN1,0.0,0.0,101.90509729311682,31.09437610877793,0.0,19.198728137086814,0.0,0.0,0.0
NTN1,0.14906002538155216,0.0,12.903164929116876,1.871629198227664,0.5991280271611645,0.5608618015192239,0.0,0.0,0.038565654754622036
ODF3B,0.0,66.65276976791927,5.630560002349525,8.90438083754418,8.429880044839367,0.0,0.0,0.0,0.04689248632131626
ORM3,0.0,1.4464541523714178,14.820924571113823,0.0,0.0,0.0,0.0,1.8161105108013382,1.3143384537169962
P2RY1,0.0,1973.918322567633,0.736626687681275,1.651500240827871,29.524215768604865,10.222105037174611,275.88315023021215,0.0,113.38145389977794
PAPLN,127.31548816655865,0.0,0.1338739973040317,0.0,0.0,0.24355730054138225,0.0,0.0,0.8296286741622163
PAQR9,0.0,0.0,0.0,0.3635096244749252,0.0,745.0529895538492,2.929614853682959,0.0,0.7071843394435859
PBLD1,1.4151363403800201,5.910594308973311,2.0436212690747557,1.924229904314679,393.5882900286359,27.209258136682887,0.7016495390264552,0.0,1.414018813532603
PBX1,13.290903453951305,20.271739060743897,0.35793639721152104,3.9564975024694364,3.8662578808935626,8.23219923567165,29.679826608127243,2.5728545798536713,717.0483211245329
PCDH7,0.0,1.0472251555199015,0.15170472089467024,0.0,26.37009843491892,0.21054172207241795,4.12726353062444,0.0,0.944867351219763
PCSK9,19.34130433630489,0.0,1.4105862573039096,1.088673623268786,1.3474763373989913,0.5300754143947948,0.0,0.0,0.7847375650223585
PDE7A,600.8285477092727,325.6409541390343,471.574438433335,694.400468486964,462.3548724471168,320.69839763976404,241.2102972299826,2629.42465120875,36.07361441065817
PDE9A,0.0,26.9027880295757,1.4172930265034513,3.2019753269403335,0.0,2.756202934650764,0.0,0.0,0.7949763497101243
PDGFC,0.0,0.0,0.0,0.0,0.0,378.7382978228645,0.02905212623776121,0.0,0.7967805055456993
PDGFRB,3.954092160151707,4.72883530990087,0.0,0.6620660631021349,219.21707962646965,5.241340725083681,5.306311754805703,0.0,0.9354939601979282
PDZK1IP1,2.2025701673044975,524.9702845733002,1.6486627005401968,4.481083909809791,32.65762975128552,2.0633339394809274,13.23356766202786,2.6956321125218454,24.217710330122458
PERP,3.236176744943319,775.5615612358932,1.6603653794727746,11.790824111609686,5468.320805301261,7.422900120135388,3.1440066624103107,1.0300436481098592,11.994725432280694
PHLDB1,10.949638966744667,0.0,70.02263698675573,8.231276435806794,14.820311703238584,6.058970130775121,20.696523595361175,0.0,0.8436788217234792
PIK3C2B,426.6381045056727,0.0,23.03162014211014,11.654984077975493,5.530628662700401,1.5719918219630293,6.226614066341141,0.0,23.497990043431685
PLAU,5.207832664662988,0.8817425049698708,0.5409101120901549,2.657951707696616,34.656548346897424,23.61736578598942,276.9187701528483,0.0,22.050436891423345
PLCB1,0.0,10.567054916869472,0.0,0.01210802458106075,0.5174626949029446,5.561693006189191,236.74699264365339,0.0,1.0648702268549362
PLCB4,2.267405712734322,752.3318553184406,14.733486693417618,4.974478963136387,5.583626227441486,11.567595159781314,52.041462136368764,120.12289096704966,20.683161159307264
PLCXD2,48.322334546792106,1.971788876127603,325.93278206205525,83.93062713709148,14.017758469988195,7.195679184354155,23.328060396924567,58.12400314274339,7.482504708259096
PLEKHG5,6.246551254646782,928.5936131041027,33.488140199010424,26.147821669759903,117.18761906068872,18.316988759006442,30.892926772812665,159.95194920213393,3.754797388289849
PLIN5,0.0,0.0,1.2690006231813458,1.010089894894354,17.061466298694665,7.683131756823675,0.05012851761684023,0.0,248.7959952596438
PML,5224.112877375094,596.8173918915974,323.3362370878124,626.1778582611508,675.1784177746936,577.3509031691859,681.9638571258599,607.7878508624917,73.51815651948267
PMP22,0.0,0.0,0.0,0.05959597853906873,0.4048572590139561,2371.5360412228138,1.2978734631463826,0.0,0.9517997700974681
POGK,50.5177064695798,0.8293204370076104,70.99278167373092,107.64371685266237,29.347639882601502,8.55812921971973,61.03584469013965,515.0358060188304,3.091673056011251
PPFIA4,2.363501248218039,2.8146156343943334,2.127762114451149,9.763589502143729,2.533794962245565,22.956894696481402,1611.5117915779979,0.0,25.19286169905698
PPIC,2.6738580581012195,0.0,118.3653146130409,472.1828886425355,26.48396061020838,23.169389586159195,9.71145579408156,7.634990417587625,1.1528216749439983
PPP1R3B,15.56840748224122,35.9791794301378,25.758100481419877,7.518518142289857,67.76313970694399,84.37823281230305,45.93055997357008,60.23905511679305,1589.2033184072102
PRG4,0.38738582716866543,4.03674392081999,92.13565594615567,5.862131573578652,2.0999928356669257,4.770941158089169,9.403724375154066,4.154510985053442,3.6762544424846357
PROZ,0.04913506782266075,6.63567122199412,61.24925315249013,0.0,20.56668458845922,9.86769600494061,8.53061128946359,19.34818217854187,14.323792363178995
PRTN3,0.8084883953985331,414.1774233590018,0.0,20.563580758399084,564.9494209928487,17.142778310359425,13043.417996851647,0.5495095634361888,153.46900347681256
PSAP,4691.986443806792,1743.8412607457435,5151.536121513122,5652.838814560662,3699.0093972997356,31473.517790452934,156569.31801503492,3576.454240179584,12438.975474350376
PTGDS,0.0,53.6352568932653,0.0,0.0,2.1196853990771456,1.548511398366092,0.18270385562505664,0.0,1.161270143844317
PTGIS,0.6065673088054209,0.0,0.0,0.9111277778309794,0.0,809.5873627957881,0.18526690708578353,0.5852925443681081,1.649369088939105
PTPN13,0.0,0.0,6.921920577885352,21.85611603530922,3.666820380832159,0.7296038820718613,0.19752103956849232,4.12413062138559,1.3409093546608175
PTPN4,138.77245493253665,20.313296742629944,53.79155696275408,58.83045432301318,27.878448809300377,9.783210377636973,31.444228596149244,870.846672788272,5.3441168828138235
PTPRF,0.0,0.0,37.9390966784965,1.4967552141060696,0.5602137846804081,1.0493721381061425,0.35042641301946253,0.0,1.177471299575898
PTPRM,0.0,0.0,1.120132433224419,1.0070778515640102,0.0,721.1872004998916,0.27056079871222094,0.16852303320414563,2.054849075869976
PTPRS,183.28446231952913,2712.8700001469733,160.78762627653543,116.15154432155148,524.2605387475866,94.03701698531542,337.07029411880495,151.91332473145093,1.7989821543613087
PVR,203.19788723821335,7.99597723149407,601.089176021701,173.20723809557782,76.38128360750463,123.90150762873702,103.93675221036834,56.833475115153284,1.756381331158209
RAB30,687.2296584742891,0.0,2.2541128933023344,13.476025240691202,0.7578908552021484,7.86458078059316,0.3650130209153466,0.4402905354777322,2.0965797133767
RAB4A,0.4543920659281768,1630.7008954758421,35.32714514276987,88.87579614532339,31.4150014800543,167.19773406908342,3.350727070200798,9.002595028758885,1.3878493263473262
RALGPS2,2721.0479388071008,68.33120465268212,342.36725468019205,355.8110524569195,174.8611045019754,145.80393597557227,162.27808868165326,5.983072668709903,67.10850650277499
RASGRP3,2670.9391968842815,0.0,5.413221898095742,14.177145179406388,0.4446495296652526,24.3350197923683,2.8449964645588084,0.12037873676304711,11.562909044364083
RASL11B,0.9092803197894586,0.0,72.72880618814324,59.28159101141685,1311.6379027640621,2.0984568030837014,0.33876628957849575,5.118157754428517,70.71181961183912
RASSF8,1.753861358770981,0.0,5.354476731694102,1.7461622194523567,0.03804262079714915,9.168602070155732,112.9062779550617,0.0,16.248455273577452
RBP4,0.0,0.0,0.0,0.0,0.0,461.2566248745509,0.3486206670092271,0.0,1.4700741961384614
RCAN3,55.44065317255267,199.44631531913046,704.6851070949447,122.75709201822137,116.76928704397152,224.88673519346688,215.3889786977794,21.514475996861428,17.148762927693973
RDH9,0.0,1.726380339258859,4.818611694980119,2.673820589331925,1.7270689553947216,0.1789450436928257,0.35479192385906133,2.8170971332409542,73.76739711973677
REXO5,184.06654831908673,487.1368586782441,241.71356607389149,2879.6303627655843,447.3996056758172,200.39557222940923,363.9292668854645,338.15854267314876,46.294480348333764
RGS5,0.0,6.9958722646082245,0.046740978774734376,0.0,34.409593696918144,4.952974619782442,0.32941776184274985,0.0,1.3375629145227577
RHOBTB3,2.063388546052552,61.05788214558945,0.0,0.0,0.13143370424484502,2.1177168537511544,4.78311648429023,0.0,1.959669604714077
RIPOR3,0.0,0.0,11.343308709465852,45.63777683368568,0.3637441054768611,4.7307033679535,0.3984903976233809,13.652365851391801,1.5965436773870816
RND3,0.0,12.426715649419908,0.0,3.3583339688806753,3.090576651886389,59.34976901418936,732.8960807004746,0.5431384452287602,3.450109917467395
RNF123,1173.0584794022902,411.4099128826056,1084.6201531617216,4948.3733520284795,672.5550733769288,212.67836917510994,475.2876376249068,644.456835485232,281.348805377645
RNF144A,89.42328892678609,178.95450159810193,71.91504667964334,218.47531115315087,32.2967322393264,10.058025094477756,322.74621746407877,59.18893308044997,3502.374343493344
RNF39,1.3932065130262532,303.18579968379635,6.159800670666791,10.7292502481661,0.0,2.708101331383317,0.37578315752804725,0.37989042485304925,1.7251507721371078
RORC,0.0,0.0,35.117817433067415,4.458679663363076,0.0,3.356461069697027,0.3816655643507343,0.0,1.4432744093435086
RPL12,3136.9270021572847,419.2100030955417,7854.965276733186,33954.86687057496,828.7570687414611,448.9901649326291,4186.666240801129,162.38449590446857,53.879529248581264
RPLP0-PS1,10.432531623205673,5.164917596457036,3.349912938718992,9.953305839194202,2.3031080319774477,0.6338598959844433,105.60004489805908,0.5684118107139304,2.287506597226371
RPLP1,168155.83771681826,24789.4207347599,947501.2853750815,275164.8534653098,117715.5110987951,12821.955522470862,99267.25835750924,15258.391681530205,2764.5240544878534
RPS15A-PS7,170.52394359027394,34.46217806782055,175.39970770549442,3164.2590546619826,0.0,0.7940516083022775,106.03925191236593,1.2357036551076002,2.2558610598627387
RPS2-PS6,11.751075933144326,11.521117648673718,7.4757818505836315,147.68806844196024,16.257971210907566,1.840387246241547,32.23589938867009,0.0,1.8790830861891537
RPS23-PS2,19.159898186788354,0.0,47.3566383429688,20.375723904265694,24.387179268746046,2.1306697456906987,444.02669245315974,2.7016807322704093,2.372425694841121
RPS27,4401.796224455784,24789.4207347599,31872.096160623172,247251.52883986683,1504.9767621988328,7807.2041674154225,84469.00366806387,1134.0405214703685,7381.219454719492
RTKN,1.8971483550227415,155.12932886303219,1.6476308367400114,7.121933297556366,23.231108620221196,11.724086461946161,17.699084904622524,0.0,19.240004353081762
S100A9,0.0,929.7840676014786,8.23661542288217,8142.713873276908,12269.707596527274,14.688290846666826,5408.287570457127,2.564076349521111,947501.2853750815
SAA3,337.1268343689675,1.1620341485799677,3.11697257956968,0.13145204105692732,21.72730515663686,1.311427519057312,54.43361629762854,2.637445325199445,21.897517045806094
SALL2,1.3347977671891385,1.3338262797658702,66.69872449973754,11.722090669387809,0.17408489813427797,5.073687807134354,10.460619261538838,2.1112298497895936,1.9889318821294384
SCD1,9770.307337191634,0.0,29.60686599862269,75.20557236084022,35.669289461158584,386.22866095615,0.7657136281449499,0.734244726964699,23.456063126690374
SCNN1A,0.0,0.0,3.5039538803933645,3.9908533020949593,1.2973276054552834,3.3026997739559487,71.05225326222168,0.0,1985.1195918906358
SCP2-PS2,0.8095203444781653,49.4546972843563,0.0,1.9894006371635222,33.11059008993122,108.64815021997799,45.554782113608525,398.7279136016301,77.79032059896116
SDC4,2178.4613537654495,0.0,72.72880618814324,30.291186792649523,14.506341220221927,218.50649710469398,7.539384085357064,122.2745313159929,12.947893241868151
SEC14L2,10.062217387408797,7.674610515917998,5.062837865281431,7.2819718419191535,53.043510180694234,8.496811416454335,3.8547146030663217,0.6566646365173696,2.272921092548065
SEC16B,1.7176685073794573,181.623604854998,1.919719255268589,1.3676158160111402,24.449074595150304,3.2574581804619545,6.974959273947248,3.666139378758224,2.758170485718483
SELENOM,61.24925315249013,22.253441080644883,3.012680028389479,39.268686153476175,12407.881097550662,896.6819157149171,288.29923934803185,24.519834294153707,9.095558582891876
SERPINA11,0.0,0.0,0.0,0.0,135.73043448415746,5.455515439712466,0.5766619840107019,0.3600373992598709,7.3749431180391465
SERPINB6B,27.62834515182702,14.192070263144126,86.40877459597164,436.5919368225813,2.0800779387841746,36.44092943343288,0.6585486776940919,2714.3558837607056,3.464913240579369
SERPINB9,50.68764029302048,17.724451887204314,59.149715503513946,186.07530565556405,6.545447597989423,196.67574030772968,18.501113645656567,6718.274244464156,3.474899661174396
SERPINE2,37.05001472552354,3390.292644132012,45.8284856062112,2.461241831923172,120.24060167440373,8.065239090571797,17.22856424304716,77.92162511537805,30.25282102115287
SERPINF1,103.55954905047392,61.05788214558945,7.951022134426516,2.7246038281933305,4.064685914017449,54.652920405119744,727.0160411953146,0.7995381267979473,2.388105180255004
SFXN5,33.058523522721366,0.0,10.348285507595246,9.415832612789428,175.35821561851844,22.82939626928833,68.73724796609129,8.724536743716307,1823.0780430806049
SH2B2,38.868362888575156,27.165248599716488,5.792334180989579,7.374660042061443,77.10566231437635,238.49474495689296,2312.3250844145923,0.6723991224966845,217.13030861476372
SH3PXD2A,563.2100971095622,0.0,68.12976032110419,38.050426340054706,1.0395676740665052,16.96569332440194,22.41873198399617,0.0,14.06456669223255
SIAH2,2883.9108008138537,64.27509949541516,323.7565719434429,403.15869071640407,221.56398553187077,298.6732855880105,463.64386312437,116.71684383696308,28.30412971077772
SLC13A3,0.0,0.0,0.0,0.02948605925114922,0.0,1.2262470359969768,31.174145674520744,0.0,2.153060698419723
SLC18A1,4.337395125289227,189.57867693710045,0.779569588177137,0.4058533277167593,1.6559533035618332,7.4815937499931024,6.785724815215461,7.859320688129067,19.741662977160175
SLC25A19,9367.06521199661,398.5617911999344,659.459485627217,881.5351304685197,308.45453062364123,485.5476644874635,435.30273438267517,512.2776439976725,349.3362111280961
SLC29A2,27.080181914376492,0.0,128.3941811379679,37.83276391413849,14.781323718769384,28.912802973995902,14.903931171621581,9.679530760965388,11.13000550785246
SLC41A2,39.430506190823934,49.11724365156414,0.691479932951732,2.5743111981210305,10.85511266938201,1.5167234473234839,4.048860957900639,249.70445529667117,2.672088566122241
SLC41A3,6.829913332092157,3527.7646063955676,70.90309531120428,21.40421197662665,314.5152696777736,180.29411498757196,176.8020826654598,68.37270382966243,339.59104134658816
SLC5A3,14.107517131753058,1.017887896134789,133.6668936358533,11.928316360127834,2.196326758052632,7.082482706455414,9.004672633262167,13.59853462726266,2.7038339874457087
SLC5A6,46.00733527819894,18.792915140186242,381.81745139579573,133.9347597438886,24.665945822203252,54.33677662104579,51.790992914722416,56.58978656299362,85.84302592554505
SLPI,1948.3638200511073,7789.264376090865,57.62140448623348,411.2420585325345,4930.39942436168,6.835562534140035,5294.245295332656,8.137923407103871,125550.22467128767
SMC4,1799.2890089631228,1754.8927994083551,5879.599257316651,1266.620197787924,1259.7786889799004,509.37476881176065,1663.6759235865711,1410.4832834243075,840.6516320943023
SMIM27,77.0056864445128,917.3421919739561,219.8789304524017,2697.3137481724793,123.07803054658373,861.2443997854068,506.5306539111652,238.56147336256353,257.5710980836354
SMYD1,0.0,0.0,1.4387531053152594,32.53644118964634,0.19109247313889965,0.8401373783319497,0.7676713254474146,0.0,2.4315872606016997
SNHG18,26.256142282503017,0.0,0.0,1.7789204130501814,0.0,1.551940864400121,0.7718549502856045,0.0,2.4481635263347177
SP100,8087.572474016674,3185.8773669463703,6373.634741533825,6088.411945050115,2589.6477627019995,4457.857968000224,6737.414053647664,27571.797184721276,4086.9325674732936
SPRY1,4.4706852294972945,0.0,300.01223736557023,30.25024772015044,8.030969708363225,87.68074880968781,7.366850268913208,0.0,2.8931873538755135
STAB2,0.0,0.0,0.4527578830139347,0.8530823283912001,0.0475921370112975,2342.194523370132,1.0412478855270173,0.7910337455978336,5.101092080910854
STEAP4,69.56874072750624,0.0,0.0,1.7764133248695013,0.39501274417928256,7.148723862958903,0.9746273132929251,0.0,2798.0392539685713
STK19,816.9505787711436,397.5239160639548,624.3471166911772,954.8575065390941,5191.903430527725,748.8080541803739,578.8509595149844,279.9611171714094,583.683771545586
STON1,9.700886583772617,0.0,31.5408096456096,0.9392802842380557,0.400644219251848,2.9445738092651883,0.9852017484734239,0.0,3.0451442193632916
STX1B,1.5114920854024314,32.69023665475625,0.6021495471408609,0.0,3.5772201342088774,1.384135540854805,1.1431135101698544,0.0,3.06922397473741
STXBP6,0.0,1.1793619883310087,0.04486809627347843,1.1164887645374053,0.40334433833137306,1.8854286497672375,1289.382100946399,0.0,3.505186694270103
SYDE1,6.232429261443485,0.0,10.934389573411172,38.98906353921257,0.05735722745864358,2.0479065803255208,1.0338586161680259,0.8750029899191152,3.6153608674547932
SYDE2,2.4518646797804977,109.22479988651823,5.964836260100675,4.943635132556925,3.7221988574509997,1.3610257219531983,3.495859582177605,0.0,3.6173033396882035
SYNE4,41.3262848869407,0.0,252.2377215454346,86.03822085067284,28.058003654409745,9.42808737189042,11.839999894626336,26.21027835719863,3.8018748847645076
TACC2,8.360353806183928,3.666820380832159,378.23887463125743,70.19847363506712,2.060439632472904,60.39811485410535,6.036780619315736,22.851129849169467,8.153629335726512
TBC1D4,17.881286828630362,3548.1441376884727,489.0533743189146,40.572677833115044,53.94425080699275,154.7056242555037,53.218654342486175,1.7794609985118783,28.258582949168275
TBKBP1,12.863571924692431,0.0,22.843172706289252,68.65050829706446,5.336377994850876,121.57336968943574,810.6876911875984,89.48715014345997,173.3159687113367
TCIM,0.0,0.0,0.0,0.0,0.0,870.6887333066196,1.1255715380759765,0.0,3.6059723197744775
TFR2,11.42356132387382,813.8232027262919,0.9562252234422353,2.733872692121411,65.32148581682509,41.46518921416847,6.334375731648996,1.7187812215355112,6.114180231198517
THBS1,1.4745851437320616,0.0,0.7578242810755442,3.7613927330414523,8362.67736443427,3.05207672762228,69.26384766747506,0.0,482.3172615368601
THEM7,0.0,47.10863944094152,0.0,0.0,0.0,3.7865400818932127,2.5789479878261212,0.0,3.7211713935886443
TIMD2,114.34831944820287,0.0,0.0,0.3295392420280916,0.4119104380792431,2.6486359598856373,1.2102291159161531,0.0,3.7531337920429024
TIMD4,0.0,0.0,0.0,0.5575201595374812,0.0,7230.680656107865,1.3785362200463278,0.0,20.83391639263112
TMA16,133.73171084813083,17.200652180326006,382.6910366528682,85.38292861920525,51.616768648188916,44.770905359874675,46.88519936175211,49.1325910710069,18.69817460073344
TMC7,2.0856220923405844,0.16542922446914488,0.0,0.0,0.0,1.8622219006344403,1.232232707733468,0.0,79.04453286700367
TMEM254A,506.3501121857928,1699.315961478629,857.6418778801328,1256.4904613569752,1082.6830674550677,118.8737738423086,555.8141850148908,5902.708575722075,60.64042349891865
TMEM98,2.278322253462669,335.3592116763558,0.0,0.0,65.56875206306192,20.58616439673206,1.3768437360478032,0.0,4.4925304997857
TNS3,62.044399171825134,20.791915813879488,0.5358551281806558,3.890138623307654,34.798586734086726,57.867255097720644,462.15799027061036,0.0,46.82279193528592
TPD52L1,0.0,37.291886908857215,0.0,0.0,0.0,2.6704936467327385,1.33813778206349,0.0,4.174294119655172
TPT1,127802.66162933643,9496.140658659504,442785.4112331951,127802.66162933643,45871.745905000964,12409.256826537661,91360.24396578353,14291.820888856611,6567.311645415519
TRAF3IP2,614.5378610997383,365.06983298161083,430.60057834452823,2359.43921149346,18.70499925792098,18.593935657704822,111.0988532400152,350.45330375230577,51.978522526773794
TRAM1,2558.751112456467,2623.0819668264085,1109.3230047650902,1092.772324091901,2079.3074875934312,2704.141712537327,1902.2115262119485,9078.476550423256,2221.2024919234345
TRIB2,223.11260305955997,0.4233388277205694,1675.0660811279222,427.6395641671564,0.5177830522049451,10.570423400308258,3.9810762913320694,15.136569579878259,5.427333285175109
TRIM7,366.4934558748609,0.0,6.623280604469446,35.85139708173378,9.126595193275541,7.871748004358638,6.210096109554023,3.912862476671757,12.946766876319206
TRMT5,200.24007198580338,71.87153986498238,225.15931834895574,894.9059855968325,192.6724373410722,80.3481355194729,194.00736285192698,168.00957537727777,15.719039678593674
TRMT61A,128.1711445409238,76.38128360750463,987.5377248010042,329.5393499040563,97.18710427250171,148.03491516846793,122.04708099466235,75.18324965045795,8.285696929394451
TSC2,335.6628413144204,313.2130395135612,696.5862690161579,2870.4831074439953,851.3799536311907,301.41273307533595,476.5635131463488,327.6562968022117,424.1757433841634
TSHZ3,0.0,6.117805094384781,1.6787858987726563,6.907195252252555,1.0273412093691503,9.242001798629733,1.6244276965026945,39.5734198266426,5.01869206395587
TSPAN15,7.090118706677279,0.46116635989509924,0.4421510351968829,2.794341974401442,0.0,3143.56169332411,1.632714102729934,15.14557050855937,10.69262406056574
UGCG,1442.2731755281923,950.357017073308,4505.25962745028,1152.4029887375145,756.8038140537336,340.76686442389854,207.50021713789303,24437.621525226,715.912296711813
UGT1A6B,0.0,0.03810622177778855,0.0,0.0,11.780834458204797,2.522235662881052,25.51718350018206,0.0,365.5547494524095
UNC5B,1.012773726946679,0.044130649112543274,0.8187917115382102,0.9418881347910653,75.4568179671444,2.1160074814727223,2.58106533328482,0.01816159166595077,5.405668214759955
VAT1,74.90780810987624,45.99218954735775,138.77245493253665,201.35086883096866,2837.1631838041408,17.93560447143316,125.21631583513191,7.417807546494444,14.085350806544813
VEGFC,0.0,0.05737804095467336,0.5469559774404169,1.0843579453774956,2.001026302051995,4.856761605146813,4.419326283246561,407.32600672819717,5.586798297856449
VNN3,0.0,0.35277880651176474,0.2085035987833075,3.52488891909454,0.0,12.495413555022129,57.04081092287714,0.3964879505703831,2761.6098034029446
VSIG4,0.0,0.3560581148069195,0.21373281793286458,0.0,1.9616825672312461,59398.28584332482,2.373669489790337,0.0,8.698943397262287
VWCE,0.6350898628552457,1.5067010760868098,26.549041135029213,2.433484879839996,2.943663914572373,1.3538561451034816,2.67525328897003,0.0,8.447394990577276
WFDC21,181.623604854998,8.19089638280971,0.45445992378305555,161.7564126882329,21.07589936205585,338.32792267909053,323.82211934750563,0.23471096221308607,21879.936134033924
ZBED5,11.20763535618058,4.371548093725973,107.27746466994182,7.060807779405637,1.43145382077187,14.243716897283253,2.6331957493838147,2.3234812502343702,9.400906976649043
ZFP512,311.6209080732517,320.8134869558066,313.1210906602263,231.04041769417267,261.9856862606651,360.79152268547983,216.64294191273262,1267.0389003009498,243.9205224407443
ZFYVE9,3.230863103534718,0.9681809213798684,5.122952143268665,2.6713569373636115,1.5094660408063265,26.176695030607924,146.198127042825,0.26673991827406485,9.980838182079683
